{"cameraMode":{"drawMode":0,"name":"Shaded","section":"Shading Mode"},"sceneLighting":true,"audioPlay":false,"sceneViewState":{"showFog":true,"showMaterialUpdate":false,"showSkybox":true,"showFlares":true,"showImageEffects":true,"showParticleSystems":true},"in2DMode":false,"pivot":{"x":-1.459367275238037,"y":2.4000000953674318,"z":0.4699999988079071},"rotation":{"x":0.0209207646548748,"y":0.08597621321678162,"z":-0.0018069944344460965,"w":0.9960808753967285},"size":5.212446212768555,"orthographic":true}