{"cameraMode":{"drawMode":0,"name":"Shaded","section":"Shading Mode"},"sceneLighting":true,"audioPlay":false,"sceneViewState":{"showFog":true,"showMaterialUpdate":false,"showSkybox":true,"showFlares":true,"showImageEffects":true,"showParticleSystems":true},"in2DMode":false,"pivot":{"x":-1.3699958324432374,"y":7.550775527954102,"z":9.467340469360352},"rotation":{"x":0.0209207646548748,"y":0.08597621321678162,"z":-0.0018069944344460965,"w":0.9960808753967285},"size":16.798969268798829,"orthographic":true}